slide_id,Y,Y_hat,p_0,p_1,p_2,p_3
DigitalSlide_E6M_17S_1,0.0,3.0,0.2644406855106354,0.2454187124967575,0.2201797515153885,0.26996082067489624
30,0.0,0.0,0.28577983379364014,0.2437569797039032,0.20367230474948883,0.26679086685180664
0042711961,3.0,0.0,0.2994784414768219,0.2340201735496521,0.22371698915958405,0.24278435111045837
DigitalSlide_B2M_4S_1_20210826184014839,1.0,0.0,0.3044445514678955,0.2277144193649292,0.24011842906475067,0.22772258520126343
B-160004549-01-B-001,2.0,0.0,0.2786179482936859,0.2578006684780121,0.2347029596567154,0.22887839376926422
0063366529,1.0,0.0,0.3082737922668457,0.2329886555671692,0.23153552412986755,0.22720202803611755
DigitalSlide_C10M_19S_1,2.0,0.0,0.27314993739128113,0.23729999363422394,0.24968720972537994,0.2398628443479538
0059072087,3.0,0.0,0.27869513630867004,0.22004158794879913,0.24650275707244873,0.2547605335712433
