slide_id,Y,Y_hat,p_0,p_1,p_2,p_3
DigitalSlide_E6M_17S_1,0.0,1.0,0.19212402403354645,0.5968560576438904,0.12786000967025757,0.08315987884998322
0048086809,2.0,2.0,0.04275370016694069,0.14771918952465057,0.46547436714172363,0.3440527617931366
DigitalSlide_B9M_7S_1,2.0,2.0,0.01743108406662941,0.059856247156858444,0.6357795000076294,0.28693321347236633
DigitalSlide_B9M_11S_1,3.0,0.0,0.5435653924942017,0.39870011806488037,0.006029426120221615,0.05170505493879318
DigitalSlide_B2M_7S_1_20210826184304020,1.0,1.0,0.13950036466121674,0.33401569724082947,0.26474300026893616,0.26174092292785645
DigitalSlide_D4M_1S_1_20210922131645990,1.0,1.0,0.2982906997203827,0.6227256059646606,0.013690576888620853,0.06529314070940018
0051341579,0.0,3.0,0.01090018916875124,0.013924241065979004,0.031330712139606476,0.9438448548316956
0059072087,3.0,1.0,0.26076409220695496,0.6213980913162231,0.01872948184609413,0.09910841286182404
