slide_id,Y,Y_hat,p_0,p_1,p_2,p_3
0047953852,3.0,2.0,0.17269709706306458,0.23558010160923004,0.38279590010643005,0.20892690122127533
0054130784,3.0,3.0,0.23853477835655212,0.1846456676721573,0.1728702187538147,0.4039493203163147
DigitalSlide_B9M_6S_1,2.0,0.0,0.3363342583179474,0.24109572172164917,0.15595205128192902,0.2666179835796356
DigitalSlide_B9M_8S_1,2.0,2.0,0.1597440391778946,0.24850870668888092,0.39653629064559937,0.19521091878414154
DigitalSlide_B2M_6S_1_20210826184158873,1.0,2.0,0.10657228529453278,0.2631168067455292,0.5763266086578369,0.05398431420326233
DigitalSlide_B2M_8S_1_20210826184401956,1.0,0.0,0.4456939995288849,0.3898963928222656,0.06874902546405792,0.09566056728363037
DigitalSlide_C10M_3S_1,0.0,0.0,0.36610889434814453,0.3513179123401642,0.09624314308166504,0.18632999062538147
0030657581,0.0,1.0,0.2561922073364258,0.4049687385559082,0.12888607382774353,0.2099529355764389
