slide_id,Y,Y_hat,p_0,p_1,p_2,p_3
0042951302,3.0,3.0,0.22168056666851044,0.21034947037696838,0.24798311293125153,0.31998685002326965
0049556653,2.0,2.0,0.2001926451921463,0.22526229918003082,0.29376381635665894,0.28078126907348633
0050394746,2.0,2.0,0.1772124320268631,0.2088003158569336,0.3431910276412964,0.2707962095737457
DigitalSlide_B2M_4S_1_20210826184014839,1.0,2.0,0.2188246250152588,0.24771590530872345,0.2829945683479309,0.25046488642692566
DigitalSlide_B2M_7S_1_20210826184304020,1.0,2.0,0.22319842875003815,0.24915166199207306,0.26549169421195984,0.26215818524360657
DigitalSlide_C10M_3S_1,0.0,3.0,0.21583007276058197,0.2309318482875824,0.2728436589241028,0.28039440512657166
0029553565,0.0,2.0,0.21666306257247925,0.26057541370391846,0.26993176341056824,0.25282976031303406
0058263272,3.0,2.0,0.19906790554523468,0.2315661758184433,0.3018205463886261,0.2675453722476959
