slide_id,Y,Y_hat,p_0,p_1,p_2,p_3
DigitalSlide_E6M_17S_1,0.0,0.0,0.40954917669296265,0.1989997923374176,0.13810023665428162,0.25335079431533813
0048086809,2.0,2.0,0.1655413657426834,0.1648542433977127,0.3519405126571655,0.31766387820243835
0049547258,2.0,2.0,0.14660799503326416,0.13122637569904327,0.3887946307659149,0.33337104320526123
DigitalSlide_B9M_16S_1,3.0,0.0,0.44853153824806213,0.14638322591781616,0.14180967211723328,0.26327553391456604
DigitalSlide_B2M_4S_1_20210826184014839,1.0,0.0,0.44091272354125977,0.2092815786600113,0.1656997948884964,0.18410590291023254
DigitalSlide_B2M_7S_1_20210826184304020,1.0,0.0,0.34764567017555237,0.24819520115852356,0.2084682583808899,0.1956908255815506
DigitalSlide_C10M_1S_1,0.0,0.0,0.2894125282764435,0.18354928493499756,0.25727447867393494,0.269763708114624
0059072087,3.0,0.0,0.2888527810573578,0.22856289148330688,0.23706495761871338,0.24551932513713837
