,folds,test_auc,test_acc
0,0,0.7500000000000001,0.375
1,1,0.75,0.375
2,2,0.5416666666666666,0.5
3,3,0.4791666666666667,0.125
4,4,0.7291666666666666,0.5
